id,firstName,lastName,company,city,country,contactNo,email,dob
1,Sheryl,Baxter,Rasmussen Group,East Leonard,Chile,397.884.0519x718,zunigavanessa@smith.info,2020-08-24
2,Preston,Lozano,Vega-Gentry,East Jimmychester,Djibouti,686-620-1820x944,vmata@colon.com,2021-04-23
3,Roy,Berry,Murillo-Perry,Isabelborough,Antigua and Barbuda,(496)978-3969x58947,beckycarr@hogan.com,2020-03-25
4,Linda,Olsen,"Dominguez, Mcmillan and Donovan",Bensonview,Dominican Republic,+1-813-324-8756,stanleyblackwell@benson.org,2020-06-02
5,Joanna,Bender,"Martin, Lang and Andrade",West Priscilla,Slovakia (Slovak Republic),001-199-446-3860x3486,colinalvarado@miles.net,2021-04-17
6,Aimee,Downs,Steele Group,Chavezborough,Bosnia and Herzegovina,999-728-1637,louis27@gilbert.com,2020-02-25
7,Darren,Peck,"Lester, Woodard and Mitchell",Lake Ana,Pitcairn Islands,+1-247-266-0963x4995,tgates@cantrell.com,2021-08-24
8,Brett,Mullen,"Sanford, Davenport and Giles",Kimport,Bulgaria,001-333-145-0369,asnow@colon.com,2021-04-12
9,Sheryl,Meyers,Browning-Simon,Robersonstad,Cyprus,+1-448-910-2276x729,mariokhan@ryan-pope.org,2020-01-13
10,Michelle,Gallagher,Beck-Hendrix,Elaineberg,Timor-Leste,001-054-401-0347x617,mdyer@escobar.net,2021-11-08
11,Carl,Schroeder,"Oconnell, Meza and Everett",Shannonville,Guernsey,114.336.0784x788,kirksalas@webb.com,2021-10-20
12,Jenna,Dodson,"Hoffman, Reed and Mcclain",East Andrea,Vietnam,+1-556-888-3485x42608,mark42@robbins.com,2020-11-29
13,Tracey,Mata,Graham-Francis,South Joannamouth,Togo,(855)713-8773,alex56@walls.org,2021-12-02
14,Kristine,Cox,Carpenter-Cook,Jodyberg,Sri Lanka,+1-315-627-1796x8074,holdenmiranda@clarke.com,2021-02-08
15,Faith,Lutz,Carter-Hancock,Burchbury,Singapore,207-185-3665,cassieparrish@blevins-chapman.net,2022-01-26
16,Miranda,Beasley,Singleton and Sons,Desireeshire,Oman,+1-600-462-6432x21881,vduncan@parks-hardy.com,2022-04-12
17,Caroline,Foley,Winters-Mendoza,West Adriennestad,Western Sahara,001-469-948-6341x359,holtgwendolyn@watson-davenport.com,2021-03-10
18,Greg,Mata,Valentine LLC,Lake Leslie,Mozambique,(195)156-1861x26241,jaredjuarez@carroll.org,2022-03-26
19,Clifford,Jacobson,Simon LLC,Harmonview,South Georgia and the South Sandwich Islands,(748)477-7174,joseph26@jacobson.com,2020-09-24
20,Joanna,Kirk,Mays-Mccormick,Jamesshire,French Polynesia,(283)312-5579x11543,tuckerangie@salazar.net,2021-09-24
21,Maxwell,Frye,Patterson Inc,East Carly,Malta,202-880-0688x7491,fgibson@drake-webb.com,2022-01-12
22,Kiara,Houston,"Manning, Hester and Arroyo",South Alvin,Netherlands,+1-528-175-0973x4684,blanchardbob@wallace-shannon.com,2020-09-15
23,Colleen,Howard,Greer and Sons,Brittanyview,Paraguay,(947)115-7711x5488,rsingleton@ryan-cherry.com,2020-08-19
24,Janet,Valenzuela,Watts-Donaldson,Veronicamouth,Lao People's Democratic Republic,500.433.2022,stefanie71@spence.com,2020-09-08
25,Shane,Wilcox,Tucker LLC,Bryanville,Albania,541-116-4501,mariah88@santos.com,2021-04-06
26,Marcus,Moody,Giles Ltd,Kaitlyntown,Panama,909-277-5485x566,donnamullins@norris-barrett.org,2022-05-24
27,Dakota,Poole,Simmons Group,Michealshire,Belarus,071-152-1376,stacey67@fields.org,2022-02-20
28,Frederick,Harper,"Hinton, Chaney and Stokes",South Marissatown,Switzerland,264.742.7149,jacobkhan@bright.biz,2022-05-26
29,Stefanie,Fitzpatrick,Santana-Duran,Acevedoville,Saint Vincent and the Grenadines,+1-472-021-4814x85074,wterrell@clark.com,2020-07-30
30,Kent,Bradshaw,Sawyer PLC,North Harold,Tanzania,126.922.6153,qjimenez@boyd.com,2020-04-26
31,Jack,Tate,"Acosta, Petersen and Morrow",West Samuel,Zimbabwe,046.906.1442x6784,gfigueroa@boone-zavala.com,2021-09-15
32,Tom,Trujillo,Mcgee Group,Cunninghamborough,Denmark,(775)890-7209,tapiagreg@beard.info,2022-01-13
33,Gabriel,Mejia,Adkins-Salinas,Port Annatown,Liechtenstein,646.044.0696x66800,coleolson@jennings.net,2021-04-24
34,Kaitlyn,Santana,Herrera Group,New Kaitlyn,United States of America,447-710-6202x07313,georgeross@miles.org,2021-09-21
35,Faith,Moon,"Waters, Chase and Aguilar",West Marthaburgh,Bahamas,+1-818-199-1403,willistonya@randolph-baker.com,2021-11-03
36,Tammie,Haley,"Palmer, Barnes and Houston",East Teresa,Belize,(430)300-8770,harrisisaiah@jenkins.com,2022-01-04
37,Nicholas,Sosa,Jordan Ltd,South Hunter,Uruguay,975-998-1519,fwolfe@dorsey.com,2021-08-10
38,Jordan,Gay,Glover and Sons,South Walter,Solomon Islands,8035336772,tiffanydavies@harris-mcfarland.org,2021-02-24
39,Bruce,Esparza,Huerta-Mclean,Poolefurt,Montenegro,001-625-000-7132x0367,preese@frye-vega.com,2021-10-22
40,Sherry,Garza,Anderson Ltd,West John,Poland,(978)289-8785x5766,ann48@miller.com,2021-11-01
41,Natalie,Gentry,Monroe PLC,West Darius,Dominican Republic,499.122.5415,tcummings@fitzpatrick-ashley.com,2020-10-10
42,Bryan,Dunn,Kaufman and Sons,North Jimstad,Burkina Faso,078.699.8982x13881,woodwardandres@phelps.com,2021-09-08
43,Wayne,Simpson,Perkins-Trevino,East Rebekahborough,Bolivia,463-445-3702x38463,barbarapittman@holder.com,2020-12-13
44,Luis,Greer,Cross PLC,North Drew,Bulgaria,684.698.2911x6092,bstuart@williamson-mcclure.com,2022-05-15
45,Rhonda,Frost,"Herrera, Shepherd and Underwood",Lake Lindaburgh,Monaco,+1-431-028-3337x3492,zkrueger@wolf-chavez.net,2021-12-06
46,Joanne,Montes,"Price, Sexton and Mcdaniel",Gwendolynview,Palau,(467)886-9467x5721,juan80@henson.net,2020-07-01
47,Geoffrey,Guzman,Short-Wiggins,Zimmermanland,Uzbekistan,(983)188-6873,bauercrystal@gay.com,2020-04-23
48,Gloria,Mccall,"Brennan, Acosta and Ramos",North Kerriton,Ghana,001-395-959-4736x4524,bartlettjenna@zuniga-moss.biz,2022-03-11
49,Brady,Cohen,Osborne-Erickson,North Eileenville,United Arab Emirates,+1-028-691-7497x0894,mccalltyrone@durham-rose.biz,2022-03-10
50,Latoya,Mccann,"Hobbs, Garrett and Sanford",Port Sergiofort,Belarus,162-234-0249x32790,bobhammond@barry.biz,2021-12-02
51,Gerald,Hawkins,"Phelps, Forbes and Koch",New Alberttown,Canada,(092)508-0269,uwarner@steele-arias.com,2021-03-19
52,Samuel,Crawford,"May, Goodwin and Martin",South Jasmine,Algeria,626.116.9535x8578,xpittman@ritter-carney.net,2021-03-27
53,Patricia,Goodwin,"Christian, Winters and Ellis",Cowanfort,Swaziland,(111)741-4173,vaughanchristy@lara.biz,2021-03-08
54,Stacie,Richard,Byrd Inc,New Deborah,Madagascar,001-731-168-2893x8891,clinton85@colon-arias.org,2020-10-15
55,Robin,West,"Nixon, Blackwell and Sosa",Wallstown,Ecuador,001-683-837-7651x525,greenemiranda@zimmerman.com,2022-01-13
56,Ralph,Haas,Montes PLC,Lake Ellenchester,Palestinian Territory,001-962-434-0867x649,goodmancesar@figueroa.biz,2020-05-25
57,Phyllis,Maldonado,Costa PLC,Lake Whitney,Saint Barthelemy,001-508-064-6725x017,yhanson@warner-diaz.org,2021-01-25
58,Danny,Parrish,Novak LLC,East Jaredbury,United Arab Emirates,506.731.5952x571,howelldarren@house-cohen.com,2021-03-17
59,Kathy,Hill,"Moore, Mccoy and Glass",Selenabury,South Georgia and the South Sandwich Islands,888.625.0654,ncamacho@boone-simmons.org,2020-11-15
60,Kelli,Hardy,Petty Ltd,Huangfort,Sao Tome and Principe,424-157-8216,kristopher62@oliver.com,2020-12-20
61,Lynn,Pham,"Brennan, Camacho and Tapia",East Pennyshire,Portugal,001-248-691-0006,mpham@rios-guzman.com,2020-08-21
62,Shelley,Harris,"Prince, Malone and Pugh",Port Jasminborough,Togo,+1-386-458-8944x15194,zachary96@mitchell-bryant.org,2020-12-10
63,Eddie,Jimenez,Caldwell Group,West Kristine,Ethiopia,(026)401-7353x2417,kristiwhitney@bernard.com,2022-03-24
64,Chloe,Hutchinson,Simon LLC,South Julia,Netherlands,+1-288-552-4666x060,leah85@sutton-terrell.com,2022-05-15
65,Eileen,Lynch,"Knight, Abbott and Hubbard",Helenborough,Liberia,001-673-779-6713x680,levigiles@vincent.com,2021-01-02
66,Fernando,Lambert,Church-Banks,Lake Nancy,Lithuania,3863743398,fisherlinda@schaefer.net,2021-04-23
67,Makayla,Cannon,Henderson Inc,Georgeport,New Caledonia,027-609-6460,scottcurtis@hurley.biz,2020-01-20
68,Tom,Alvarado,Donaldson-Dougherty,South Sophiaberg,Kiribati,730-797-3594x5614,nicholsonnina@montgomery.info,2020-08-18
69,Virginia,Dudley,Warren Ltd,Hartbury,French Southern Territories,+1-439-171-1846x4636,zvalencia@phelps.com,2021-01-31
70,Riley,Good,Wade PLC,Erikaville,Canada,855-436-7641,alex06@galloway.com,2020-02-03
71,Alexandria,Buck,Keller-Coffey,Nicolasfort,Iran,414-112-8700x68751,lee48@manning.com,2021-02-20
72,Richard,Roth,Conway-Mcbride,New Jasmineshire,Morocco,9857827463,aharper@maddox-townsend.org,2020-02-23
73,Candice,Keller,Huynh and Sons,East Summerstad,Zimbabwe,001-243-038-4271x53076,buckleycory@odonnell.net,2020-08-22
74,Anita,Benson,Parrish Ltd,Skinnerport,Russian Federation,(399)820-6418x0071,angie04@oconnell.com,2020-02-09
75,Regina,Stein,Guzman-Brown,Raystad,Solomon Islands,001-085-360-4426x00357,zrosario@rojas-hardin.net,2022-01-15
76,Debra,Riddle,"Chang, Aguirre and Leblanc",Colinhaven,United States Virgin Islands,(303)961-4491,shieldskerry@robles.com,2020-07-11
77,Brittany,Zuniga,Mason-Hester,West Reginald,Kyrgyz Republic,001-480-851-2496x0157,mchandler@cochran-huerta.org,2021-07-24
78,Cassidy,Mcmahon,"Mcguire, Huynh and Hopkins",Lake Sherryborough,Myanmar,684-682-0021x1326,katrinalane@fitzgerald.com,2020-10-21
79,Laurie,Pennington,"Sanchez, Marsh and Hale",Port Katherineville,Dominica,+1-809-862-5566x277,cookejill@powell.com,2020-06-08
80,Alejandro,Blair,"Combs, Waller and Durham",Thomasland,Iceland,555.509.8691x2329,elizabethbarr@ewing.com,2020-09-19
81,Leslie,Jennings,Blankenship-Arias,Coreybury,Micronesia,075.256.0829,corey75@wiggins.com,2021-11-13
82,Kathleen,Mckay,"Coffey, Lamb and Johnson",Lake Janiceton,Saint Vincent and the Grenadines,(691)247-4128x0665,chloelester@higgins-wilkinson.com,2021-09-12
83,Hunter,Moreno,Fitzpatrick-Lawrence,East Clinton,Isle of Man,001-761-013-7121,isaac26@benton-finley.com,2020-12-28
84,Chad,Davidson,Garcia-Jimenez,South Joshuashire,Oman,(804)842-4715,justinwalters@jimenez.com,2021-11-15
85,Corey,Holt,"Mcdonald, Bird and Ramirez",New Glenda,Fiji,3162708934,maurice46@morgan.com,2020-02-18
86,Emma,Cunningham,Stephens Inc,North Jillianview,New Zealand,(312)164-4545x2284,walter83@juarez.org,2022-05-13
87,Duane,Woods,Montoya-Miller,Lyonsberg,Maldives,(203)287-1003x5932,kmercer@wagner.com,2020-07-21
88,Alison,Vargas,"Vaughn, Watts and Leach",East Cristinabury,Benin,053-308-7653x6287,vcantu@norton.com,2020-11-10
89,Vernon,Kane,Carter-Strickland,Thomasfurt,Yemen,499-608-4612,hilljesse@barrett.info,2021-04-15
90,Lori,Flowers,Decker-Mcknight,North Joeburgh,Namibia,945-842-3659x4581,tyrone77@valenzuela.info,2021-01-09
91,Nina,Chavez,Byrd-Campbell,Cassidychester,Bhutan,+1-330-920-5422x571,elliserica@frank.com,2020-03-26
92,Shane,Foley,Rocha-Hart,South Dannymouth,Hungary,001-626-114-5844x55073,nsteele@sparks.com,2021-07-06
93,Collin,Ayers,Lamb-Peterson,South Lonnie,Anguilla,001-257-582-8850x8516,dudleyemily@gonzales.biz,2021-06-29
94,Sherry,Young,"Lee, Lucero and Johnson",Frankchester,Solomon Islands,(438)375-6207x003,alan79@gates-mclaughlin.com,2021-04-04
95,Darrell,Douglas,"Newton, Petersen and Mathis",Daisyborough,Mali,001-769-564-6303,grayjean@lowery-good.com,2022-02-17
96,Karl,Greer,Carey LLC,East Richard,Guyana,001-841-293-3519x614,hhart@jensen.com,2022-01-30
97,Lynn,Atkinson,"Ware, Burns and Oneal",New Bradview,Sri Lanka,605.413.3198,vkemp@ferrell.com,2021-07-10
98,Fred,Guerra,Schmitt-Jones,Ortegaland,Solomon Islands,+1-632-666-7507x92121,swagner@kane.org,2021-09-18
99,Yvonne,Farmer,Fitzgerald-Harrell,Lake Elijahview,Aruba,001-869-452-0943x12424,mccarthystephen@horn-green.biz,2021-08-11
100,Clarence,Haynes,"Le, Nash and Cross",Judymouth,Honduras,783.639.1472,colleen91@faulkner.biz,2020-03-11
